Date,title,sessions,pageViews, totalRevenue ,totalSales , totalCost , totalProfit ,stockAmount,category, customerSatisfaction ,employeeSatisfaction,numOfCustomers,numOfReturnedItems
2/17/18,"Sports Water Bottle 3-Pack Multi-Pack, 3 Colors - Eastman Tritan, BPA-Free, Leak-Proof - Secured & Locking Lid, Break-Resistant - 30oz (900mL) - by Unity ... (Gray/Turquoise/Blue)",35737.00,47907.00,140162.36,6529.00,60850.28,79312.08,,,100,99,,
3/28/18," Elite Steam Iron 1500W, Anti-Drip & Self-Cleaning, Anti-Calcium, Vertical Steam - Stainless Steel Soleplate - XL 300ML Tank - Steam, Spray, Dry Functions - ETL Listed, by Unity",8626.00,11382.00,78425.50,2915.00,29878.75,48546.75,,,94,92,,
3/2/18,"Sports Water Bottle 3-Pack Multi-Pack, 3 Colors - Eastman Tritan, BPA-Free, Leak-Proof - Secured & Locking Lid, Break-Resistant - 30oz (900mL) - by Unity (Purple/Turquoise/Pink)",13922.00,18293.00,60230.52,2807.00,22343.72,37886.80,,,95,100,,
1/25/18," Value Terry Cloth 24-Pack - 12"" x 12"" - Cotton/Poly Blend for Maximum Performance - Fun Colors - Multi-Purpose, by Unity",8660.00,11330.00,50976.24,2736.00,22489.92,28486.32,,,90,97,,
3/11/18,"Sports Water Bottle 2-Pack Multi-Pack, 2 Colors, Eastman Tritan, BPA-Free, Leak-Proof, Easy Locking & Push Button Flip Top, 20oz (600mL), by Unity",9044.00,11216.00,35797.20,2283.00,22282.08,13515.12,,,91,98,,
3/1/18," Food & Freezer Storage Container Set, 26pc, Snap Tight Lid & Vent Cap, BPA-Free, Freezer-Safe, Microwave-Safe, by Unity",6809.00,8312.00,27567.68,1802.00,18001.98,9565.70,,,91,93,,
3/10/18, Soft Potty Training Potty Seat with Handles & Splash Guard - FREE HOOK INCLUDED - by Unity (Rubber Ducky),6321.00,8677.00,20188.63,1724.00,10102.64,10085.99,,,96,100,,
2/5/18," Outdoor Extension Cord - 15FT - Heavy Duty & Durable, 14 Gauge, Safety Yellow Cord, Premium Lighted Plug, UL Listed, by Unity",4540.00,5942.00,33946.90,1714.00,14569.00,19377.90,,,93,99,,
2/26/18," Premium+ Steam Iron 1400W, Anti-Drip & Self-Cleaning, Anti-Calcium, Vertical Steam, NonStick Soleplate, XL 250ML Tank - Steam, Spray, & Dry Functions - ETL Listed, by Unity",7040.00,9137.00,28453.84,1400.00,10416.00,18037.84,,,97,91,,
1/10/18," Outdoor Extension Cord UL listed - 50FT - Heavy Duty & Durable, 14 Gauge, Safety Yellow Cord, Premium Lighted Plug, by Unity",3231.00,4183.00,39298.88,1231.00,16655.43,22643.45,,,99,91,,
3/15/18," Outdoor Extension Cord UL listed - 25FT - Heavy Duty & Durable, 14 Gauge, Safety Yellow Cord, Premium Lighted Plug, by Unity",2523.00,3357.00,29423.94,1157.00,12090.65,17333.29,,,94,96,,
3/12/18, Soft Potty Training Potty Seat with Handles & Splash Guard - FREE HOOK INCLUDED - by Unity (Day At The Beach),3891.00,5089.00,12462.66,1070.00,6066.90,6395.76,,,97,92,,
3/20/18," Outdoor Extension Cord UL Listed - 100FT - Heavy Duty & Durable, 14 Gauge, Safety Yellow Cord, Premium Lighted Plug, by Unity",3472.00,4560.00,48011.04,987.00,15130.71,32880.33,,,91,91,,
2/18/18,"Sports Water Bottle 2-Pack Multi-Pack - Easy Flip Straw & Ice Cooler - 2 Colors, Eastman Tritan, BPA-Free, Ergonomic Shape, 27oz (800mL), by Unity",4474.00,5861.00,10488.44,919.00,6221.63,4266.81,,,93,90,,
1/21/18," 6-Pack Melamine 6"" Round Bowls, Break & Chip Resistant, Indoor/Outdoor, Wave Rim Design, by Unity (Turquoise)",3434.00,4407.00,11683.05,879.00,3023.76,8659.29,,,95,90,,
1/2/18," Executive Steam Iron 1600W, Auto-Off - Anti-Drip & Self-Cleaning, Anti-Calcium, Vertical Steam, Stainless Steel Soleplate, XL 350ML Tank - Steam, Spray, & Dry Functions - ETL Listed, by Unity",5954.00,7824.00,25714.26,832.00,11273.60,14440.66,,,92,91,,
2/25/18,"Unity 9"" Non-Slip Foldable Step Stool with Carrying Handle - Supports Up To 300LBS - Easy Open - Perfect for Kitchen, Bathroom, Bedroom & More - by Unity (White/Gray Pads)",1420.00,1883.00,7916.92,744.00,4129.20,3787.72,,,100,93,,
2/28/18, Clean Between Flossers Dental Floss Picks - 4 Pack - 4 x 100 Count - Included Holder - Pharmacy Quality - By Unity (Mint),1734.00,2244.00,10149.66,658.00,6744.50,3405.16,,,95,95,,
3/7/18," 6-Pack Melamine 6"" Round Bowls, Break & Chip Resistant, Indoor/Outdoor, Wave Rim Design, by Unity (White)",2083.00,2545.00,9401.29,626.00,5834.32,3566.97,,,99,95,,
2/24/18," Outdoor Extension Cord - 20FT - Heavy Duty & Durable, General Purpose, 16 Gauge, Orange Cord, UL Listed, by Unity",933.00,1173.00,11290.08,619.00,3361.17,7928.91,,,95,99,,
2/1/18," 6-Pack Melamine 10.3"" Dinner Plate, Break & Chip Resistant, Indoor/Outdoor, Wave Rim Design, by Unity (Turquoise)",3797.00,5155.00,10951.99,608.00,4322.88,6629.11,,,94,96,,
2/8/18," 16-Piece Melamine Dinnerware Set, Service for 4, Break & Chip Resistant, Indoor/Outdoor, Wave Rim Design, by Unity (Turquoise)",8953.00,11496.00,19776.24,605.00,4815.80,14960.44,,,96,98,,
3/8/18," 2-Slice Toaster, 7 Temperature Levels, Sleek Unibody Frame - Quick Bagel Button - Multiple Colors Available - Classic Performance And Power - 750W ETL-Listed, By Unity (Red)",3638.00,4512.00,12049.82,595.00,3486.70,8563.12,,,92,93,,
2/12/18,"Unity 13"" Non-Slip Foldable Step Stool Carrying Handle - Supports Up To 300LBS - Easy Open - Perfect Kitchen, Bathroom, Bedroom & More (Turquoise/White Dots)",2987.00,4156.00,8577.81,556.00,2168.40,6409.41,,,100,91,,
2/8/18,Unity 5-Piece Premium Medium Duty Garden Tool Set - Ergonomic Wooden Handles - Anti-Rust - Strong And Durable - Garden Tested,2629.00,3238.00,10307.46,546.00,4062.24,6245.22,,,90,91,,
1/13/18, 12-Piece MultiColor Classic Wide Rim Melamine Set - Indoor/Outdoor Dinnerware Set - Service For 4 - by Unity (Assorted w/Tumblers),5308.00,7069.00,15052.35,543.00,4463.46,10588.89,,,97,94,,
3/16/18,"Unity 9"" Non-Slip Foldable Step Stool with Carrying Handle - Supports Up To 300LBS - Easy Open - Perfect for Kitchen, Bathroom, Bedroom & More - by Unity (Gray/White Pads)",1243.00,1687.00,5539.95,530.00,2289.60,3250.35,,,91,91,,
3/1/18," Classic Stainless Steel 4-Slice Toaster - 7 Temperature Level - Extra Wide Slots - Digital Control Buttons, by Unity ...",2014.00,2749.00,18668.43,511.00,3459.47,15208.96,,,92,97,,
1/17/18,"Unity 9"" Non-Slip Foldable Step Stool Carrying Handle & Back Support - Supports up to 300LBS - Easy Open - Sit Stand Unity (White/Gray Dots)",3097.00,4022.00,8517.93,508.00,3662.68,4855.25,,,95,93,,
3/11/18, 12-Piece Classic Wide Rim Signature Melamine Blend Indoor/Outdoor Dinnerware Set - Canal Blue Wide Band Pattern - By Unity (Canal Blue),7960.00,10438.00,12207.64,497.00,4965.03,7242.61,,,97,97,,
2/16/18," Premium Outdoor Extension Cord UL listed - Super Heavy Duty & Durable - 12 Gauge - .15AMP-125V-1875W - Industrial Blue Cord, Premium Lighted Plug, by Unity (50 Ft)",2416.00,3018.00,21527.88,463.00,9260.00,12267.88,,,90,91,,
2/25/18, Basic+ Standard Ironing Board - Large Surface - Sturdy Legs - Iron Rest - Cotton Poly Cover & Mesh Surface Board by Unity,1613.00,2261.00,17323.44,452.00,4212.64,13110.80,,,94,93,,
3/17/18," 10-Piece Mixing Bowl Set - Leak Resistant - Snap Lids - BPA Free - Freezer Safe - Dishwasher Safe - Microwave Safe - Durable And Easy To Clean, by Unity",2353.00,2972.00,8289.47,445.00,1530.80,6758.67,,,92,99,,
3/4/18,"Heavy Duty Electric Skillet, 1200W, Non-Stick Premium Die-Cast Aluminum with Vented Glass Lid - Great for Cooking Anything from Pancakes to Steaks - By Unity",6745.00,8914.00,13383.81,442.00,7315.10,6068.71,,,91,92,,
3/19/18,"Sports Water Bottle Single Pack Blue - Bonus Insulating Sleeve - Eastman Tritan, BPA-Free, Leak-Proof - Secured & Locking Lid, Break-Resistant - 30oz (900mL) - by Unity",4825.00,6046.00,5024.26,418.00,2319.90,2704.36,,,92,90,,
2/18/18,"Premium Heavy Duty Velvet Hangers - 50 Pack Bulk - Pink - Non-Slip, Ultra Thin, 10lbs Capacity - Great for Suits, Pants, & Dresses - by Unity",1730.00,2329.00,13134.22,401.00,2177.43,10956.79,,,93,92,,
1/21/18,"Sports Water Bottle Single Pack Turquoise - Bonus Insulating Sleeve - Eastman Tritan, BPA-Free, Leak-Proof - Secured & Locking Lid, Break-Resistant - 30oz (900mL) - by Unity",2546.00,3206.00,4398.94,392.00,3825.92,573.02,,,90,98,,
2/18/18," 6-Pack Melamine 10.3"" Dinner Plate, Break & Chip Resistant, Indoor/Outdoor, Wave Rim Design, by Unity (White)",1476.00,1907.00,8566.75,388.00,3786.88,4779.87,,,95,96,,
1/1/18," Indoor/Outdoor Extension Cord - 20FT - Heavy Duty, Durable & Flexible, General Purpose, 16 Gauge, 2-Prong, UL-Listed - by Unity (Hunter Green)",1007.00,1293.00,5072.62,386.00,1713.84,3358.78,,,94,95,,
3/21/18, 12 Piece Melamine Break-Resistant Indoor Outdoor Dinnerware Set Service For 4 Square Pattern By Unity (Mardi Gras - Assorted 4 colors),3029.00,3749.00,11083.35,382.00,5092.06,5991.29,,,92,97,,
2/17/18," Premium+ Ironing Board - Premium Felt Underlay - Cotton Poly Blend Cover - Easy Fold Lever - Sturdy And Dependable - 48"" x 15"" - Everyday Use by Unity",985.00,1228.00,18558.48,378.00,8316.00,10242.48,,,92,94,,
1/1/18," 12-Piece Melamine Dinnerware Set, Service for 4, Break & Chip Resistant, Indoor/Outdoor, Square Design, by Unity (Meadow Green)",5583.00,7083.00,9106.32,361.00,2873.56,6232.76,,,97,98,,
1/7/18," 12-Piece Melamine Dinnerware Set, Service for 4, Break & Chip Resistant, Indoor/Outdoor, Square Design, by Unity (Ocean Blue)",3162.00,3970.00,9246.11,352.00,2893.44,6352.67,,,90,90,,
2/12/18,"Sports Water Bottle Single Pack Gray - Bonus Insulating Sleeve - Eastman Tritan, BPA-Free, Leak-Proof - Secured & Locking Lid, Break-Resistant - 30oz (900mL) - by Unity",2952.00,3600.00,4333.15,346.00,2941.00,1392.15,,,92,91,,
1/28/18,"Unity 9"" Non-Slip Foldable Step Stool with Carrying Handle - Supports Up To 300LBS - Easy Open - Perfect for Kitchen, Bathroom, Bedroom & More - by Unity (Turquoise/White Dots)",945.00,1258.00,3333.44,343.00,2551.92,781.52,,,93,98,,
1/31/18," 4-Slice Toaster, Dual 7 Temperature Levels, Sleek Unibody Frame - Quick Bagel Button - 1500W ETL-Listed, By Unity",1611.00,2058.00,8626.62,332.00,5089.56,3537.06,,,100,92,,
2/8/18,"Unity 11"" Non-Slip Foldable Step Stool with Carrying Handle - Supports Up To 300LBS - Easy Open - Perfect for Kitchen, Bathroom, Bedroom & More - by Unity (White/Grey Dots)",841.00,1189.00,3579.23,326.00,2428.70,1150.53,,,95,94,,
2/21/18,"Unity 11"" Non-Slip Foldable Step Stool with Carrying Handle - Supports Up To 300LBS - Easy Open - Perfect for Kitchen, Bathroom, Bedroom & More - by Unity (White Grey/White Dots)",729.00,1075.00,3519.41,325.00,1950.00,1569.41,,,94,98,,
1/26/18,"Unity 13"" Non-Slip Foldable Step Stool with Carrying Handle - Supports Up To 300LBS - Easy Open - Perfect for Kitchen, Bathroom, Bedroom & More - by (White Grey/White Dots)",1558.00,2166.00,5044.89,313.00,1774.71,3270.18,,,98,96,,
2/26/18," 16-Piece Melamine Dinnerware Set, Service for 4, Break & Chip Resistant, Indoor/Outdoor, Wave Rim Design, by Unity (White)",2529.00,3101.00,11211.53,284.00,2911.00,8300.53,,,94,99,,
1/30/18, Clean Between Flossers Dental Floss Picks - 4 Pack - 4 x 100 Count - Included Holder - Pharmacy Quality - By Unity (Plain),789.00,916.00,4520.94,282.00,3821.10,699.84,,,93,98,,
1/11/18," 6-Pack Melamine 6"" Round Bowls, Break & Chip Resistant, Indoor/Outdoor, Wave Rim Design, by Unity (Blue)",1217.00,1535.00,3554.28,281.00,966.64,2587.64,,,92,96,,
2/11/18," 6-Pack Melamine 10.3"" Dinner Plate, Break & Chip Resistant, Indoor/Outdoor, Wave Rim Design, by Unity (Blue)",1646.00,2155.00,4878.45,281.00,1646.66,3231.79,,,96,96,,
2/27/18," 2-Slice Toaster, 7 Temperature Levels, Sleek Unibody Frame - Quick Bagel Button - 750W ETL-Listed, By Unity",1899.00,2301.00,5018.12,273.00,1482.39,3535.73,,,94,94,,
3/3/18,Unity 12-Piece Paint Brush Set -Long Pro Style Wooden Handles - Pure Bristle and Synthetic Filament Blend - Interior Exterior - DIY Value Pack,1502.00,1806.00,3923.15,267.00,2488.44,1434.71,,,94,90,,
1/3/18," Dish Drainer Rack - Two Tier - Chrome Plated Steel - Modern Design - Super S - Removable Accessories Included: Cutlery Basket, Cup Drainer, & Drip Tray - by Unity",2943.00,3935.00,5070.38,246.00,2952.00,2118.38,,,90,91,,
1/17/18, 12-Piece MultiColor Classic Wide Rim Melamine Set - Indoor/Outdoor Dinnerware Set - Service For 4 - by Unity (Assorted Colors),4403.00,5383.00,6507.22,241.00,1631.57,4875.65,,,100,92,,
2/16/18,"Professional Die-Cast Aluminum Casserole - 5QT - Induction Bottom, Extra Thick Gauge, Ultra Non-Stick Stone Finish, Glass Lid with Steam Hole - By Unity",2612.00,3462.00,7342.65,236.00,4484.00,2858.65,,,94,99,,
2/23/18," Outdoor Extension Cord UL listed - 50FT - Heavy Duty & Durable, General Purpose, 16 Gauge, Orange Cord, by Unity",577.00,736.00,4694.24,236.00,1677.96,3016.28,,,97,91,,
2/23/18,"Sports Water Bottle Single Pack Purple - Bonus Insulating Sleeve - Eastman Tritan, BPA-Free, Leak-Proof - Secured & Locking Lid, Break-Resistant - 30oz (900mL) - by Unity",2297.00,2781.00,2950.93,230.00,1830.80,1120.13,,,95,94,,
2/28/18,"Luxury Real Wood Veneer Natural Toilet Seat - 16.5"" Standard Round - Premium Hinges - Heavy Duty - By Unity (Oak)",1114.00,1538.00,7162.83,224.00,4256.00,2906.83,,,93,91,,
3/14/18," 12-Piece Melamine Dinnerware Set, Service for 4, Break & Chip Resistant, Indoor/Outdoor, Square Design, by Unity (Tropical Yellow)",2507.00,3191.00,5312.02,215.00,2098.40,3213.62,,,100,100,,
2/4/18," 16-Piece Melamine Dinnerware Set, Service for 4, Break & Chip Resistant, Indoor/Outdoor, Wave Rim Design, by Unity (Blue)",2355.00,2825.00,6242.50,210.00,1230.60,5011.90,,,98,96,,
3/4/18,"Sports Water Bottle Single Pack Pink- Bonus Insulating Sleeve - Eastman Tritan, BPA-Free, Leak-Proof - Secured & Locking Lid, Break-Resistant - 30oz (900mL) - by Unity",2321.00,2773.00,2301.70,208.00,1154.40,1147.30,,,93,99,,
1/13/18," Premium Outdoor Extension Cord UL listed - Super Heavy Duty & Durable - 12 Gauge - .15AMP-125V-1875W - Industrial Blue Cord, Premium Lighted Plug, by Unity (100 Ft)",859.00,1094.00,16713.03,205.00,8402.95,8310.08,,,96,93,,
2/17/18," Value Rainbow Food Container Storage Set - 7 Containers with 7 Colorful Lids - BPA-Free, Non-Toxic, Dishwasher-Safe, Microwave-Safe - Great for Everyday Use! - by Unity (Square)",1366.00,1767.00,2372.86,203.00,1463.63,909.23,,,91,92,,
2/27/18,"Unity 9"" Non-Slip Foldable Step Stool with Carrying Handle - Supports Up To 300LBS - Easy Open - Perfect for Kitchen, Bathroom, Bedroom & More - by Unity (Turquoise/White Dots)",721.00,956.00,2054.99,202.00,1010.00,1044.99,,,100,100,,
1/24/18,"Premium Heavy Duty Velvet Hangers - 50 Pack Bulk - Navy - Non-Slip, Ultra Thin, 10lbs Capacity - Great for Suits, Pants, & Dresses - by Unity",649.00,817.00,6242.50,201.00,2007.99,4234.51,,,95,93,,
2/19/18," 6-Pack Melamine 8.3"" Deep Salad Plate, Break & Chip Resistant, Indoor/Outdoor, Wave Rim Design, by Unity (Turquoise)",708.00,884.00,2928.99,196.00,2009.00,919.99,,,98,98,,
2/11/18," 12-Piece Party Bulk Pack Signature Melamine Blend Set - Classic Wide Rim Design - Indoor/Outdoor Reusable Dinnerware - Great Paper Plate Replacement! - by Unity (10.5"" Dinner Plate, Silver)",3520.00,4608.00,6503.12,194.00,1594.68,4908.44,,,95,92,,
1/20/18," Belgian Waffle Maker, Brushed Stainless Steel, 180 Degree Rotation, Dual Nonstick Surfaces, Variable Temperature Control, 1050W - Great for Making Thick, Fluffy & Crispy Waffles - by Unity",1265.00,1575.00,5874.12,192.00,1918.08,3956.04,,,91,93,,
3/9/18,"Unity 13"" Non-Slip Foldable Step Stool with Carrying Handle - Supports Up To 300LBS - Easy Open - Perfect for Kitchen, Bathroom, Bedroom & More - by (White Grey/Whit Dots)",851.00,1183.00,3023.94,188.00,1927.00,1096.94,,,92,91,,
1/4/18,"Unity 13"" Non-Slip Foldable Step Stool Carrying Handle - Supports Up To 300LBS - Easy Open - Perfect Kitchen, Bathroom, Bedroom & More (White/Grey Dots)",884.00,1166.00,3098.79,183.00,1504.26,1594.53,,,97,97,,
1/25/18," Children's Step Stool - Comfortable Soft Non-Slip Grips - 5"" Strong Durable Construction - Safe & Portable - Supports 70 Lbs - By Unity",743.00,962.00,1956.27,178.00,1658.96,297.31,,,97,98,,
3/8/18," Indoor Extension Cord Multi-Pack UL listed - 9FT - 3 Pack - Flexible & Durable, General Purpose, 16 Gauge, White Cord, by Unity",275.00,386.00,2645.37,170.00,1659.20,986.17,,,99,99,,
1/3/18," 12-Piece Melamine Dinnerware Set, Service for 4, Break & Chip Resistant, Indoor/Outdoor, Square Design, by Unity (Festive Orange)",1938.00,2399.00,4253.61,166.00,1321.36,2932.25,,,96,91,,
1/5/18,"Handi-Craft Classic Value Wood Toilet Seat - Sculptured Shell Pattern - 16.5"" Standard Round - Easy Installation & Cleaning, by Unity",846.00,1114.00,3973.81,161.00,1089.97,2883.84,,,91,96,,
2/24/18," Premium Heavy Duty Velvet Hangers - 50 Pack Bulk - Taupe - Non-Slip, Ultra Thin, 10lbs Capacity - Great for Suits, Pants, & Dresses - by Unity",903.00,1113.00,5468.43,161.00,874.23,4594.20,,,94,93,,
2/7/18,2 Pack Folding Umbrellas - Value Pack - Great For Travel - Auto Open - Designer Colors - Classic Value by Unity (Navy),677.00,917.00,3188.61,160.00,1360.00,1828.61,,,95,95,,
1/11/18,"Unity 11"" Non-Slip Foldable Step Stool with Carrying Handle - Supports Up To 300LBS - Easy Open - Perfect for Kitchen, Bathroom, Bedroom & More - by Unity",581.00,717.00,1724.81,156.00,848.64,876.17,,,100,93,,
3/19/18," 6-Pack Melamine 10.5"" Square Dinner Plate - Break-Resistant - Indoor/Outdoor - by Unity (Ocean Blue)",952.00,1220.00,2856.34,152.00,522.88,2333.46,,,93,95,,
3/23/18, Classic Stainless Steel 2-Slice Toaster - 7 Temperature Level - Extra Wide Slots - Digital Control Buttons - by Unity,1392.00,1640.00,3813.35,151.00,1407.32,2406.03,,,100,94,,
3/28/18," 6-Pack Melamine 6"" Round Bowls, Break & Chip Resistant, Indoor/Outdoor, Wave Rim Design, by Unity (Red)",768.00,930.00,2226.91,149.00,1108.56,1118.35,,,93,100,,
1/30/18,"Luxury Real Wood Veneer Natural Toilet Seat - 16.5"" Standard Round - Premium Hinges - Heavy Duty - By Unity (Walnut)",708.00,945.00,4585.41,148.00,1216.56,3368.85,,,92,94,,
3/30/18, 12 Piece Melamine Dinnerware Set - Service For 4 - Break Resistant - Indoor Outdoor by Unity,1373.00,1678.00,3290.39,144.00,843.84,2446.55,,,95,92,,
1/19/18,"Premium Heavy Duty Velvet Hangers - 50 Pack Bulk - ABS Material And Chrome Hook - Non-Slip, Ultra Thin, 10lbs Capacity - Great for Suits, Pants, & Dresses - by Unity (Gray)",668.00,874.00,5468.43,142.00,2556.00,2912.43,,,91,94,,
1/23/18," Indoor/Outdoor 6FT Extension Cord - 3 x 3-Wire Grounded Outlets - Heavy Duty & Durable - 16 Gauge, UL-Listed, by Unity",297.00,371.00,2064.23,142.00,613.44,1450.79,,,94,91,,
2/9/18,"Premium Heavy Duty Velvet Hangers - 50 Pack Bulk - ABS Material And Chrome Hook - Non-Slip, Ultra Thin, 10lbs Capacity - Great for Suits, Pants, & Dresses - by Unity (Chocolate Brown)",512.00,645.00,4294.84,141.00,799.47,3495.37,,,96,95,,
3/13/18," 6-Pack Melamine 10.3"" Dinner Plate, Break & Chip Resistant, Indoor/Outdoor, Wave Rim Design, by Unity (Red)",1030.00,1270.00,3001.86,140.00,947.80,2054.06,,,95,99,,
1/18/18,"Luxury Real Wood Veneer Natural Toilet Seat - 16.5"" Standard Round - Premium Hinges - Heavy Duty - By Unity (Teak)",561.00,771.00,4255.74,139.00,1424.75,2830.99,,,99,92,,
2/5/18," Chair Pads - Cotton Canvas - Value 4 Pack - Fits 17"" Chair - Solid Color - Classic Design, by Unity (French Toast)",2114.00,2886.00,8095.14,137.00,743.91,7351.23,,,94,91,,
1/20/18,"Unity Chair Pads - Cotton Canvas - Value 4 Pack - Fits 15"" Chair - Cross Stitch - Classic Design (Black)",1628.00,2072.00,6475.14,130.00,924.30,5550.84,,,100,92,,
3/8/18," Heavy Duty Die-Cast Deep Fryer & Multi-Cooker - 6L Capacity - Included Aluminum Basket & Tempered Vented Glass Lid - Adjustable Temperature Gauge - ETL Listed, by Unity",1786.00,2232.00,4843.07,130.00,761.80,4081.27,,,90,100,,
3/24/18,"Unity Chair Pads - Cotton Canvas - Value 4 Pack - Fits 15"" Chair - Cross Stitch - Classic Design (Gray)",4245.00,5741.00,5635.77,127.00,1239.52,4396.25,,,100,92,,
2/26/18," 6-Pack Melamine 10.5"" Square Dinner Plate - Break-Resistant - Indoor/Outdoor - by Unity (Tropical Yellow)",1238.00,1613.00,2353.51,126.00,1704.78,648.73,,,100,91,,
3/20/18," 6-Pack Melamine 8.3"" Deep Salad Plate, Break & Chip Resistant, Indoor/Outdoor, Wave Rim Design, by Unity (White)",384.00,497.00,2501.16,126.00,1679.58,821.58,,,100,100,,
2/2/18," 6-Pack Melamine 18oz Tumbler Cups, Break & Chip Resistant, Indoor/Outdoor - Great for Parties! - Wave Rim Design, by Unity (Turquoise)",507.00,640.00,1788.11,123.00,423.12,1364.99,,,100,96,,
1/8/18," Premium Heavy Duty Velvet Hangers - 50 Pack Bulk - Black - Non-Slip, Ultra Thin, 10lbs Capacity - Great for Suits, Pants, Dresses - by Unity",822.00,1052.00,3856.11,122.00,1653.10,2203.01,,,94,98,,
1/10/18," 3 Outlet Outdoor Extension Cord UL Listed - 15FT - Heavy Duty & Durable, 14 Gauge, Safety Yellow Cord, Premium Lighted Plug, by Unity",444.00,562.00,2089.08,122.00,971.12,1117.96,,,91,90,,
2/7/18,"Unity Chair Pads - Cotton Canvas - Value 4 Pack - Fits 15"" Chair - Cross Stitch - Classic Design (Blue)",3881.00,5155.00,5435.92,122.00,2440.00,2995.92,,,93,90,,
2/22/18," Indoor Extension Cord Multi-Pack UL-Listed - 6 FT, 9 FT, 12 FT - 3 PACK - Flexible & Durable, General Purpose, 16 Gauge, Brown Cord, by Unity",339.00,417.00,2219.83,122.00,1626.26,593.57,,,91,98,,
3/23/18," 6-Pack Melamine 8.3"" Deep Salad Plate, Break & Chip Resistant, Indoor/Outdoor, Wave Rim Design, by Unity (Blue)",659.00,852.00,1967.45,115.00,1201.75,765.70,,,98,94,,
1/20/18,"Handi-Craft Classic Value Beveled Wood Toilet Seat - 16.5"" Standard Round - Easy Installation & Cleaning, by Unity (Black)",394.00,501.00,2036.40,113.00,928.86,1107.54,,,94,95,,
3/17/18," Indoor Extension Cord Multi-Pack UL-Listed - 6FT - 3 Pack - Flexible & Durable, General Purpose, 16 Gauge, Brown Cord, by Unity",252.00,324.00,1306.07,112.00,608.16,697.91,,,97,93,,
2/14/18,2 Pack Folding Umbrellas - Value Pack - Great For Travel - Auto Open - Designer Colors - Classic Value by Unity (Black),398.00,548.00,2080.83,109.00,810.96,1269.87,,,98,95,,
1/15/18," Chair Pads - Cotton Canvas - Value 4 Pack - Fits 17"" Chair - Solid Color - Classic Design, by Unity (Gray)",2370.00,3137.00,6196.28,108.00,1787.40,4408.88,,,97,99,,
1/24/18," Chair Pads - Cotton Canvas - Value 4 Pack - Fits 15"" Chair - Cabana Stripe - Classic Design, by Unity (Navy)",2799.00,3614.00,5276.04,108.00,371.52,4904.52,,,93,95,,
2/4/18," Chair Pads - Cotton Canvas - Value 4 Pack - Fits 17"" Chair - Solid Color - Classic Design, by Unity (Black)",1448.00,2008.00,6546.07,108.00,778.68,5767.39,,,95,98,,
1/7/18,"Unity Chair Pads - Cotton Canvas - Value 4 Pack - Fits 15"" Chair - Cross Stitch - Classic Design (Navy)",3074.00,3981.00,4996.25,107.00,851.72,4144.53,,,91,98,,
1/14/18," Chair Pads - Cotton Canvas - Value 4 Pack - Fits 15"" Chair - Cabana Stripe - Classic Design, by Unity (Stripe Stone)",2092.00,2743.00,5355.98,106.00,1058.94,4297.04,,,96,93,,
1/18/18,"Unity Scented Color Changing Candles - 3-Pack - Natural Fragrances - Peaceful, Ambient Light for Your Home & Bath - Glass Jar - Color Changing Fiber-Optic Wick - No Batteries Required!",477.00,600.00,1597.77,105.00,582.75,1015.02,,,100,91,,
3/27/18,"Unity Chair Pads - Cotton Canvas - Value 4 Pack - Fits 15"" Chair - Leaf Pattern - Classic Design, by Unity (Blue)",2067.00,2692.00,4676.49,104.00,1015.04,3661.45,,,96,95,,
1/15/18," 8 Piece - 5.5"" Bowl - Break Resistant - Indoor Out Door - 4 Fun Assorted Colors - Dinner Ware Pack - Mix And Match By Unity",624.00,827.00,1564.64,103.00,584.01,980.63,,,96,100,,
2/2/18,"Unity 9"" Non-Slip Foldable Step Stool with Carrying Handle - Supports Up To 300LBS - Easy Open - Perfect for Kitchen, Bathroom, Bedroom & More - by Unity (White Grey/White Dots)",343.00,430.00,1041.70,103.00,766.32,275.38,,,94,92,,
3/31/18," 5-Piece Bakeware Gift Set, Charcoal Gray, 4 Pans & Rubber Spatula, by Unity",466.00,573.00,1140.88,101.00,347.44,793.44,,,96,98,,
1/29/18,"Unity Chair Pads - Cotton Canvas - Value 4 Pack - Fits 15"" Chair - Leaf Pattern - Classic Design, by Unity (Gray)",1662.00,2150.00,5236.07,100.00,432.00,4804.07,,,93,96,,
2/11/18," Indoor/Outdoor Extension Cord - 20FT - Heavy Duty, Durable & Flexible, General Purpose, 16 Gauge, 2-Prong, Safety Yellow, UL-Listed - by Unity",377.00,450.00,1141.61,100.00,745.00,396.61,,,94,100,,
2/12/18,"Unity 24 Pack Heavy Duty Executive Quality Metal Pants Hangers With White Grips,  Collection",523.00,668.00,2940.16,100.00,390.00,2550.16,,,100,96,,
2/15/18," Chair Pads - Cotton Canvas - Value 4 Pack - Fits 17"" Chair - Solid Color - Classic Design, by Unity (Red)",2170.00,2838.00,6496.10,100.00,3856.00,2640.10,,,99,91,,
1/28/18," Copper Pan System - 4 Piece Set - 4.5 Quart - Ceramic Interior - Induction Bottom - Multi-Layer Construction - Fry, Steam, Bake, Roast, Boil - Durable & Hardwearing - Gift Box - by Unity",929.00,1213.00,3533.99,99.00,1341.45,2192.54,,,91,95,,
2/1/18," Chair Pads - Cotton Canvas - Value 4 Pack - Fits 15"" Chair - Solid Color - Classic Design, by Unity (Black)",821.00,1103.00,4476.64,99.00,2178.00,2298.64,,,96,94,,
3/24/18," 6-Pack Melamine 10.5"" Square Dinner Plate - Break-Resistant - Indoor/Outdoor - by Unity (Meadow Green)",783.00,992.00,2107.08,98.00,543.90,1563.18,,,95,99,,
1/29/18,"Unity 11"" Non-Slip Foldable Step Stool with Carrying Handle - Supports Up To 300LBS - Easy Open - Perfect for Kitchen, Bathroom, Bedroom & More - by Unity (Turquoise/White Dots)",315.00,407.00,947.15,92.00,732.32,214.83,,,100,99,,
2/7/18," Chair Pads - Cotton Canvas - Value 4 Pack - Fits 17"" Chair - Solid Color - Classic Design, by Unity (Navy)",1320.00,1767.00,5946.43,91.00,932.75,5013.68,,,92,97,,
1/31/18," 16-Piece Melamine Dinnerware Set, Service for 4, Break & Chip Resistant, Indoor/Outdoor, Wave Rim Design, by Unity (Red)",1785.00,2093.00,2521.97,89.00,483.27,2038.70,,,92,90,,
1/31/18,"Unity Chair Pads - Cotton Canvas - Value 4 Pack - Fits 15"" Chair - Leaf Pattern - Classic Design, by Unity (Green)",992.00,1290.00,4876.34,88.00,515.68,4360.66,,,95,99,,
2/20/18,"Professional Die-Cast Aluminum Casserole - 8QT - Induction Bottom, Extra Thick Gauge, Ultra Non-Stick Stone Finish, Glass Lid with Steam Hole - By Unity",715.00,975.00,3184.09,88.00,723.36,2460.73,,,90,92,,
3/25/18,"Unity Chair Pads - Cotton Canvas - Value 4 Pack - Fits 15"" Chair - Cross Stitch - Classic Design (Ecru)",1736.00,2236.00,4436.67,88.00,1349.04,3087.63,,,100,97,,
1/2/18,2 Pack Folding Umbrellas - Value Pack - Great For Travel - Auto Open - Designer Colors - Classic Value by Unity (Burgundy),548.00,743.00,1541.91,87.00,512.43,1029.48,,,98,91,,
3/7/18," Artisan XL Panini Grill Press, 1500W - 6-Slice Capacity - Brushed Stainless Steel, Dual Non-Stick Plates - Perfect for Sandwiches, Meats, Fish, Veggies, & More - By Unity",3199.00,4012.00,3754.08,87.00,1044.00,2710.08,,,96,95,,
1/11/18,"4 Pack Folding Umbrellas - Value Pack - Great For Travel - Fun Colors - Classic Value by Unity (Bright: Red, Pink, Green, Orange)",284.00,401.00,2407.98,84.00,782.88,1625.10,,,95,95,,
3/14/18," Indoor/Outdoor Extension Cord - 20FT - Heavy Duty, Durable & Flexible, General Purpose, 16 Gauge, 2-Prong, Orange, UL-Listed - by Unity",437.00,536.00,1101.73,84.00,597.24,504.49,,,91,94,,
3/16/18," Industrial Surge Protector - 8 Outlet Strip - Heavy Duty Metal Housing - 90J, Circuit Breaker, Easy Wrap Around Cord, Safety Yellow - ETL-Listed - by Unity",219.00,276.00,1940.34,82.00,697.00,1243.34,,,100,97,,
3/21/18," Chair Pads - Cotton Canvas - Value 4 Pack - Fits 16"" Chair - XL Futon - Classic Design, by Unity (Black)",1089.00,1336.00,4180.33,79.00,1501.00,2679.33,,,97,91,,
1/12/18," 8 Piece - 10.5"" Dinner Plate -Break Resistant - Indoor Out Door - 4 Fun Assorted Colors - Dinner Ware Pack - Mix And Match By Unity",429.00,555.00,1978.28,78.00,468.00,1510.28,,,96,93,,
1/13/18," 6-Pack Melamine 10.5"" Square Dinner Plate - Break-Resistant - Indoor/Outdoor - by Unity (Festive Orange)",643.00,822.00,1412.67,76.00,708.32,704.35,,,92,96,,
3/31/18,"Unity Chair Pads - Cotton Canvas - Value 4 Pack - Fits 15"" Chair - Leaf Pattern - Classic Design, by Unity (Ecru)",988.00,1224.00,3477.39,75.00,732.00,2745.39,,,93,94,,
1/16/18,"Handi-Craft Classic Value Plastic Toilet Seat - 18.5"" Standard Elongated - Easy Installation & Cleaning, by Unity (White)",213.00,261.00,1934.58,72.00,487.44,1447.14,,,91,97,,
1/28/18,2-Pack Folding Umbrellas - Value Pack - Great For Travel - Auto Open - Designer Colors - Classic Value by Unity (Gray),262.00,354.00,1137.72,71.00,385.53,752.19,,,97,95,,
1/30/18," Chair Pads - Cotton Canvas - Value 4 Pack - Fits 17"" Chair - Solid Color - Classic Design, by Unity (Khaki)",1009.00,1348.00,4147.51,71.00,709.29,3438.22,,,97,95,,
1/22/18,"Luxury Real Wood Veneer Natural Toilet Seat - 18.5"" Elongated Toilet Seat - Premium Hinges - Heavy Duty - By Unity (Teak)",648.00,852.00,2797.60,70.00,1330.00,1467.60,,,97,93,,
1/9/18," Chair Pads - Cotton Canvas - Value 4 Pack - Fits 15"" Chair - Solid Color - Classic Design, by Unity (Burgundy)",949.00,1235.00,3197.60,69.00,497.49,2700.11,,,91,98,,
2/2/18," Chair Pads - Cotton Canvas - Value 4 Pack - Fits 16"" Chair - XL Futon - Classic Design, by Unity (Gray)",1141.00,1437.00,3851.54,69.00,404.34,3447.20,,,96,96,,
2/19/18,4 Pack Folding Umbrellas - Value Pack - Great For Travel - Fun Colors - Classic Value by Unity (Black),257.00,369.00,2372.04,69.00,467.13,1904.91,,,98,99,,
1/22/18," Chair Pads - Cotton Canvas - Value 4 Pack - Fits 16"" Chair - XL Futon - Classic Design, by Unity (Blue)",1189.00,1427.00,3804.57,66.00,879.78,2924.79,,,96,95,,
2/3/18," Chair Pads - Cotton Canvas - Value 4 Pack - Fits 16"" Chair - XL Futon - Classic Design, by Unity (Green)",2274.00,2777.00,3663.66,66.00,330.00,3333.66,,,100,100,,
3/25/18," 8 Piece -8.5"" Salad Plate - Break Resistant - Indoor Out Door - 4 Fun Assorted Colors - Dinner Ware Pack - Mix And Match By Unity",414.00,531.00,1033.78,64.00,596.48,437.30,,,100,98,,
3/30/18," 3 Outlet Outdoor Extension Cord UL Listed - 3FT - Heavy Duty & Durable, 14 Gauge, Safety Yellow Cord, Premium Lighted Plug, by Unity",562.00,720.00,708.69,64.00,220.16,488.53,,,94,96,,
3/5/18," Indoor Extension Cord Multi-Pack UL listed - 6FT - 3 Pack - Flexible & Durable, General Purpose, 16 Gauge, White Cord, by Unity",196.00,269.00,836.66,62.00,493.52,343.14,,,94,96,,
1/6/18," 12-Piece Party Bulk Pack Signature Melamine Blend Set - Classic Wide Rim Design - Indoor/Outdoor Reusable Dinnerware - Great Paper Plate Replacement! - by Unity (8.5"" Salad Plate, Silver)",1929.00,2493.00,1725.12,61.00,625.25,1099.87,,,94,91,,
2/6/18," Chair Pads - Cotton Canvas - Value 4 Pack - Fits 17"" Chair - Solid Color - Classic Design, by Unity (Sea Blue)",1297.00,1742.00,3647.81,61.00,338.55,3309.26,,,100,92,,
3/3/18," Chair Pads - Cotton Canvas - Value 4 Pack - Fits 15"" Chair - Solid Color - Classic Design, by Unity (Charcoal)",1254.00,1637.00,2957.78,61.00,1098.00,1859.78,,,95,95,,
3/31/18," 12-Piece Party Bulk Pack Signature Melamine Blend Set - Classic Wide Rim Design - Indoor/Outdoor Reusable Dinnerware - Great Paper Bowl Replacement! - by Unity (7.5"" Bowl, Silver)",561.00,692.00,1455.57,61.00,412.97,1042.60,,,92,98,,
2/14/18,"Luxury Real Wood Veneer Natural Toilet Seat - 18.5"" Elongated Toilet Seat - Premium Hinges - Heavy Duty - By Unity (Oak)",439.00,594.00,2168.14,60.00,599.40,1568.74,,,94,91,,
2/16/18," Indoor Extension Cord Multi-Pack UL-Listed - 9FT - 3 Pack - Flexible & Durable, General Purpose, 16 Gauge, Brown Cord, by Unity",182.00,234.00,837.90,59.00,575.84,262.06,,,91,95,,
1/11/18," Chair Pads - Cotton Canvas - Value 4 Pack - Fits 15"" Chair - Cabana Stripe - Classic Design, by Unity (Gray)",1728.00,2109.00,2717.96,57.00,468.54,2249.42,,,95,97,,
1/27/18,"Luxury Real Wood Veneer Natural Toilet Seat - 18.5"" Elongated Toilet Seat - Premium Hinges - Heavy Duty - By Unity (Walnut)",341.00,428.00,2133.17,57.00,873.81,1259.36,,,90,90,,
1/1/18,"Unity Chair Pads - Cotton Canvas - Value 4 Pack - Fits 15"" Chair - Leaf Pattern - Classic Design, by Unity (Gold)",875.00,1112.00,2435.17,55.00,372.35,2062.82,,,91,100,,
1/8/18," Unity Cotton Canvas - Value 4 Pack - Fits 15"" Chair - Cabana Stripe - Classic Design, by Unity (Stripe Ecru)",978.00,1224.00,2598.05,55.00,467.50,2130.55,,,98,90,,
1/12/18," Every Day Basic+ Mirror Polish Stainless Steel Cutlery Value Pack (12, Teaspoon - 5.9"")",382.00,476.00,1053.36,54.00,553.50,499.86,,,91,92,,
2/5/18,Unity 36 Pack Ultra thin ABS Easy Slide Heavy Duty Non-Slip Clothes Hangers (Blue),427.00,550.00,1448.26,52.00,178.88,1269.38,,,99,98,,
3/29/18," 12-Piece Party Bulk Pack Signature Melamine Blend Set - Classic Wide Rim Design - Indoor/Outdoor Reusable Dinnerware - Great Paper Plate Replacement! - by Unity (9"" Deep Plate, Silver)",890.00,1103.00,1150.08,51.00,298.86,851.22,,,98,99,,
1/2/18," Unity Cotton Canvas - Value 4 Pack - Fits 15"" Chair - Cabana Stripe - Classic Design, by Unity (Stripe Black)",635.00,804.00,2398.20,50.00,522.50,1875.70,,,97,99,,
2/21/18,"4 Pack Folding Umbrellas - Value Pack - Great For Travel - Fun Colors - Classic Value by Unity (Dark: Blue, Blue, Gray, Green)",232.00,293.00,1617.30,50.00,216.00,1401.30,,,94,94,,
2/4/18,"Handi-Craft Classic Value Slow Close Plastic Toilet Seat - 16.5"" Standard Round - Easy Installation & Cleaning, by Unity (Bone)",119.00,152.00,1043.35,49.00,489.51,553.84,,,96,100,,
1/3/18,"Unity Cotton Canvas - Value 4 Pack - Fits 15"" Chair - Cabana Stripe - Classic Design, by Unity (Stripe Blue)",811.00,981.00,2078.44,48.00,266.40,1812.04,,,95,97,,
1/6/18," Unity Cotton Canvas - Value 4 Pack - Fits 15"" Chair - Cabana Stripe - Classic Design, by Unity (Stripe Gold)",494.00,613.00,2198.35,48.00,341.28,1857.07,,,97,98,,
1/18/18," Unity Cotton Canvas - Value 4 Pack - Fits 15"" Chair - Cabana Stripe - Classic Design, by Unity (Stripe Green)",590.00,723.00,2278.29,48.00,260.64,2017.65,,,94,94,,
1/7/18,"Handi-Craft Classic Value Plastic Toilet Seat - 18.5"" Standard Elongated - Easy Installation & Cleaning, by Unity (Bone)",195.00,247.00,899.41,47.00,481.75,417.66,,,90,90,,
2/5/18," Value Rainbow Food Container Storage Set - 7 Containers with 7 Colorful Lids - BPA-Free, Non-Toxic, Dishwasher-Safe, Microwave-Safe - Great for Everyday Use! - by Unity (Rectangle)",397.00,539.00,508.47,47.00,374.12,134.35,,,90,96,,
2/6/18," Classic Value Towel Set - 6 PCS Included: 2 Bath Towels, 2 Hand Towels, & 2 Washcloths - Cotton/Poly Blend for Maximum Performance - Lightweight - Quick Dry - by Unity (Fuchsia)",152.00,202.00,970.38,47.00,438.04,532.34,,,94,90,,
1/26/18," Chair Pads - Cotton Canvas - Value 4 Pack - Fits 16"" Chair - XL Futon - Classic Design, by Unity (Ecru)",1036.00,1294.00,2771.23,46.00,622.38,2148.85,,,98,92,,
3/28/18," Unity Cotton Canvas - Value 4 Pack - Fits 15"" Chair - Cabana Stripe - Classic Design, by Unity (Stripe Denim Gray)",1123.00,1422.00,1998.50,46.00,378.12,1620.38,,,92,100,,
2/19/18," 2-Slice Toaster, 7 Temperature Levels, Sleek Unibody Frame - Quick Bagel Button - Multiple Colors Available - Classic Performance And Power - 750W ETL-Listed, By Unity (Black)",434.00,498.00,881.65,45.00,324.45,557.20,,,99,99,,
1/27/18," Unity Cotton Canvas - Value 4 Pack - Fits 15"" Chair - Cabana Stripe - Classic Design, by Unity (Stripe Sky Blue)",752.00,896.00,2398.20,44.00,327.36,2070.84,,,98,93,,
3/25/18," Indoor Extension Cord Multi-Pack UL listed - 6FT, 9 FT, 12 FT - 3 Pack - Flexible & Durable, General Purpose, 16 Gauge, White Cord, by Unity",78.00,86.00,910.29,44.00,190.08,720.21,,,98,99,,
1/2/18,"Unity 13"" Non-Slip Foldable Step Stool with Carrying Handle - Supports Up To 300LBS - Easy Open - Perfect for Kitchen, Bathroom, Bedroom & More - by (Black White/Black Dots)",168.00,216.00,643.71,42.00,284.34,359.37,,,99,94,,
2/1/18," Chair Pads - Cotton Canvas - Value 4 Pack - Fits 16"" Chair - XL Futon - Classic Design, by Unity (Navy)",1263.00,1517.00,2536.38,40.00,542.00,1994.38,,,98,99,,
1/15/18," Indoor Extension Cord Multi-Pack UL-listed - 6 FT, 9 FT, 12 FT, 20 FT - 4 PACK - Flexible & Durable, General Purpose, 16 Gauge, White Cord, by Unity",148.00,178.00,929.53,39.00,152.10,777.43,,,92,99,,
1/19/18,"4 Tier Laundry Rack With Garment Hooks - Dry Sort Organize, Steel Frame - 28"" x 25"" x 68"" - Portable - Space Saver by Unity",627.00,772.00,1558.83,39.00,1503.84,54.99,,,94,92,,
2/22/18," 12-Piece Party Bulk Pack Signature Melamine Blend Set - Classic Wide Rim Design - Indoor/Outdoor Reusable Dinnerware - Great Paper Plate Replacement! - by Unity (10.5"" Dinner Plate, Gold)",787.00,940.00,1318.20,39.00,221.13,1097.07,,,92,93,,
1/17/18," Chair Pads - Cotton Canvas - Value 4 Pack - Fits 15"" Chair - Solid Color - Classic Design, by Unity (Sea Blue)",545.00,733.00,1878.59,38.00,282.72,1595.87,,,100,92,,
1/5/18," 6-Pack Melamine 8.3"" Deep Salad Plate, Break & Chip Resistant, Indoor/Outdoor, Wave Rim Design, by Unity (Red)",348.00,432.00,542.47,37.00,216.82,325.65,,,97,95,,
1/9/18," 6-Pack Classic Wide Rim Signature Melamine Blend Indoor/Outdoor Dinnerware - Canal Blue Wide Band Pattern - By Unity (19oz Tumbler, Canal Blue)",148.00,201.00,427.83,37.00,205.35,222.48,,,92,90,,
2/20/18," 6-Pack Melamine 18oz Tumbler Cups, Break & Chip Resistant, Indoor/Outdoor - Great for Parties! - Wave Rim Design, by Unity (White)",165.00,199.00,537.53,37.00,361.12,176.41,,,90,96,,
3/15/18," Unity Cotton Canvas - Value 4 Pack - Fits 15"" Chair - Cabana Stripe - Classic Design, by Unity (Stripe Brown)",671.00,816.00,1678.74,37.00,493.21,1185.53,,,98,99,,
3/2/18," Value Food Container Storage Set - 10-Piece Set with Clip Lock Lids - BPA-Free, Non-Toxic, Dishwasher-Safe, Microwave-Safe - Airtight, Stackable, & Leakproof - by Unity",310.00,388.00,388.83,36.00,195.48,193.35,,,99,93,,
3/12/18," Classic Value Towel Set - 6 PCS Included: 2 Bath Towels, 2 Hand Towels, 2 Washcloths - Cotton/Poly Blend for Maximum Performance - Lightweight - Quick Dry - by Unity (Dark Purple)",158.00,200.00,706.77,35.00,194.25,512.52,,,91,100,,
1/28/18,"Unity Chair Pads - Cotton Canvas - Value 4 Pack - Fits 15"" Chair - Diamond Pattern - Classic Design (Blue)",1026.00,1342.00,1638.77,32.00,110.08,1528.69,,,91,95,,
2/15/18,"Handi-Craft Classic Value Beveled Wood Toilet Seat - 16.5"" Standard Round - Easy Installation & Cleaning, by Unity (Bone)",248.00,287.00,610.92,31.00,246.76,364.16,,,90,94,,
1/16/18,"Handi-Craft Classic Value Beveled Wood Toilet Seat - 16.5"" Standard Round - Easy Installation & Cleaning, by Unity (White)",229.00,287.00,593.95,30.00,307.50,286.45,,,92,91,,
1/21/18,"Handi-Liner Commercial Bulk Trash Can Liners Virgin Materials - 13 Gallon (20 Rolls, 1000 Liners, 1 Case)",28.00,36.00,865.98,30.00,246.60,619.38,,,99,100,,
2/9/18," 6-Pack Melamine 18oz Tumbler Cups, Break & Chip Resistant, Indoor/Outdoor - Great for Parties! - Wave Rim Design, by Unity (Blue)",226.00,284.00,318.13,29.00,215.76,102.37,,,92,91,,
3/6/18,"Handi-Craft Classic Value Slow Close Plastic Toilet Seat - 16.5"" Standard Round - Easy Installation & Cleaning, by Unity (White)",73.00,87.00,569.10,29.00,164.43,404.67,,,91,96,,
2/4/18,"Unity 11"" Non-Slip Foldable Step Stool with Carrying Handle - Supports Up To 300LBS - Easy Open - Perfect for Kitchen, Bathroom, Bedroom & More - by Unity (Red Blue/White Dots)",158.00,210.00,309.01,28.00,230.16,78.85,,,90,91,,
2/9/18," 12-Piece Party Bulk Pack Signature Melamine Blend Set - Classic Wide Rim Design - Indoor/Outdoor Reusable Dinnerware - Great Paper Plate Replacement! - by Unity (8.5"" Salad Plate, Gold)",1139.00,1389.00,880.53,28.00,560.00,320.53,,,100,94,,
1/10/18," Chair Pads - Cotton Canvas - Value 4 Pack - Fits 15"" Chair - Solid Color - Classic Design, by Unity (Navy)",659.00,888.00,1239.07,26.00,221.00,1018.07,,,99,91,,
1/4/18," Classic Value Towel Set - 6 PCS Included: 2 Bath Towels, 2 Hand Towels, & 2 Washcloths - Cotton/Poly Blend for Maximum Performance - Lightweight - Quick Dry - by Unity (Medium Blue)",166.00,209.00,589.95,25.00,146.50,443.45,,,93,97,,
1/16/18," Chair Pads - Cotton Canvas - Value 4 Pack - Fits 15"" Chair - Solid Color - Classic Design, by Unity (French Toast)",431.00,575.00,1199.10,25.00,150.00,1049.10,,,94,92,,
1/21/18," Chair Pads - Cotton Canvas - Value 4 Pack - Fits 15"" Chair - Solid Color - Classic Design, by Unity (Moss)",188.00,234.00,1279.04,25.00,186.25,1092.79,,,98,94,,
1/22/18," Indoor Extension Cord Multi-Pack - UL-listed - 6 FT, 9 FT, 12 FT, 20 FT - 4 Pack - Virgin Materials & Durable, General Purpose, 16 Gauge, Brown Cord - by Unity",80.00,93.00,588.07,25.00,550.00,38.07,,,90,91,,
2/20/18," Classic Value Towel Set - 6 PCS Included: 2 Bath Towels, 2 Hand Towels, & 2 Washcloths - Cotton/Poly Blend for Maximum Performance - Lightweight - Quick Dry - by Unity (Ash Gray)",124.00,153.00,557.07,25.00,244.00,313.07,,,91,96,,
3/29/18,Activsport Performance Women's Athletic Socks - Low Cut - 9 Pairs - Multicolor & Pack - Pure Comfort - Moisture Wicking & Breathable - Size 9-11 - Comfort & Performance - By Unity,130.00,150.00,324.25,25.00,135.75,188.50,,,100,97,,
2/3/18," Indoor Extension Cord Multi-Pack UL-Listed - 20FT - 2 Pack - Flexible & Durable, General Purpose, 16 Gauge, Brown Cord, by Unity",109.00,132.00,434.13,24.00,367.92,66.21,,,95,93,,
2/3/18," 6-Pack Classic Wide Rim Signature Melamine Blend Indoor/Outdoor Dinnerware - Canal Blue Wide Band Pattern - By Unity (10.5"" Dinner Plate, Canal Blue)",256.00,369.00,492.86,24.00,223.68,269.18,,,95,96,,
1/27/18," Indoor Extension Cord Multi-Pack UL-Listed - 12FT - 2 Pack - Flexible & Durable, General Purpose, 16 Gauge, Brown Cord, by Unity",119.00,140.00,275.31,22.00,225.50,49.81,,,92,93,,
2/7/18," Indoor Extension Cord Multi-Pack UL listed - 20FT - 2 Pack - Flexible & Durable, General Purpose, 16 Gauge, White Cord, by Unity",198.00,219.00,374.25,22.00,298.10,76.15,,,91,93,,
1/8/18," 18-Piece Food Storage Container Set - Extra Large With Handle - Leak Resistant - Snap Lids - BPA Free - Freezer Safe - Dishwasher Safe - Microwave Safe - Durable And Easy To Clean, by Unity",285.00,335.00,355.79,21.00,167.16,188.63,,,93,93,,
2/24/18,"Unity 11"" Non-Slip Foldable Step Stool with Carrying Handle - Supports Up To 300LBS - Easy Open - Perfect for Kitchen, Bathroom, Bedroom & More - by Unity (Black/White Dots)",71.00,81.00,241.34,20.00,142.20,99.14,,,95,90,,
1/27/18," Classic Value Towel Set - 6 PCS Included: 2 Bath Towels, 2 Hand Towels, & 2 Washcloths - Cotton/Poly Blend for Maximum Performance - Lightweight - Quick Dry - by Unity (Turquoise)",74.00,92.00,377.37,19.00,177.08,200.29,,,92,92,,
3/10/18,"Handi-Craft Classic Value Plastic Toilet Seat - 16.5"" Standard Round - Easy Installation & Cleaning, by Unity (Bone)",61.00,77.00,404.73,19.00,128.63,276.10,,,95,92,,
1/3/18,Battery Powered LED Camp Lantern - 3 Pack - Ultra Portable - 16 LEDs - Rugged Design By Unity (Red/Yellow/Black),275.00,355.00,454.19,18.00,245.70,208.49,,,96,93,,
1/24/18," 18 Piece Food Storage Container Set - Extra Large - Leak Resistant - Snap Lids - BPA Free - Freezer Safe - Dishwasher Safe - Microwave Safe - Durable And Easy To Clean, by Unity",233.00,283.00,359.80,18.00,175.68,184.12,,,98,91,,
1/26/18, 6ft Appliance Extension Cords - 2 Pack - 16 Gauge - 13A 125V 1625W by Unity,112.00,125.00,246.37,18.00,216.00,30.37,,,91,95,,
3/5/18," Indoor Extension Cord Multi-Pack UL listed - 12FT - 2 Pack - Flexible & Durable, General Purpose, 16 Gauge, White Cord, by Unity",85.00,103.00,311.22,18.00,61.92,249.30,,,93,98,,
3/3/18,"Unity Signature Foldable Storage Ottoman, 15 Inch - Strong & Sturdy - Space Saving - Premium Faux Leather (Black)",229.00,298.00,379.43,16.00,159.84,219.59,,,94,96,,
1/24/18, Y-Shape Dental Floss Picks - 4 Pack - 4 x 32 Count - Included Holder - Pharmacy Quality - By Unity,117.00,134.00,224.55,15.00,199.95,24.60,,,96,97,,
1/29/18,Unity 36 Pack Ultra thin ABS Easy Slide Heavy Duty Non-Slip Clothes Hangers (Purple),183.00,223.00,424.49,15.00,87.90,336.59,,,92,93,,
3/17/18," Chair Pads - Cotton Canvas - Value 4 Pack - Fits 15"" Chair - Solid Color - Classic Design, by Unity (Khaki)",205.00,267.00,599.55,15.00,108.15,491.40,,,98,92,,
1/5/18," 6-Pack Melamine 18oz Tumbler Cups, Break & Chip Resistant, Indoor/Outdoor - Great for Parties! - Wave Rim Design, by Unity (Red)",115.00,139.00,159.52,14.00,80.50,79.02,,,98,95,,
2/10/18, 6-Outlet Surge Protector - 3 Pack - 90 Joules - 2.5FT Power Cord - Circuit Breaker - By Unity,96.00,121.00,208.55,14.00,48.16,160.39,,,98,91,,
3/18/18," 12-Piece Party Bulk Pack Signature Melamine Blend Set - Classic Wide Rim Design - Indoor/Outdoor Reusable Dinnerware - Great Paper Bowl Replacement! - by Unity (7.5"" Bowl, Gold)",312.00,370.00,287.52,13.00,88.01,199.51,,,100,95,,
3/27/18,"Handi-Craft Classic Value Wood Toilet Seat - Cottage Stripe Pattern - 16.5"" Standard Round - Easy Installation & Cleaning, by Unity",176.00,197.00,344.55,13.00,247.00,97.55,,,96,100,,
1/4/18,"Unity Chair Pads - Cotton Canvas - Value 4 Pack - Fits 15"" Chair - Diamond Pattern - Classic Design (Gray)",235.00,300.00,519.61,12.00,65.16,454.45,,,99,97,,
1/13/18, 8 Piece Kitchen Tool Set - Premium Nylon Construction - Soft Touch Handle With Rest - Colorful Assortment,135.00,150.00,192.87,12.00,120.00,72.87,,,94,93,,
2/8/18,"Handi-Liner Commercial Bulk Trash Can Liners Virgin Materials - 16 Gallon (20 Rolls, 1000 Liners, 1 Case)",48.00,53.00,727.22,12.00,51.84,675.38,,,99,96,,
1/22/18," Classic Value Towel Set - 6 PCS Included: 2 Bath Towels, 2 Hand Towels, & 2 Washcloths - Cotton/Poly Blend for Maximum Performance - Lightweight - Quick Dry - by Unity (Chocolate Brown)",127.00,157.00,197.67,11.00,87.56,110.11,,,96,92,,
1/23/18,Bamboo Toothpicks 350pk with Dispenser - Biodegradable & Environmentally Friendly - by Unity,79.00,100.00,71.88,11.00,55.00,16.88,,,94,99,,
1/19/18,"Unity Chair Pads - Cotton Canvas - Value 4 Pack - Fits 15"" Chair - Diamond Pattern - Classic Design (Navy)",308.00,400.00,479.64,10.00,55.50,424.14,,,94,97,,
3/2/18,"Unity Chair Pads - Cotton Canvas - Value 4 Pack - Fits 15"" Chair - Moroccan Trellis Pattern - Classic Design (Gray)",95.00,138.00,399.90,10.00,99.90,300.00,,,90,94,,
1/6/18, 8 Piece - Break Resistant - Indoor Out Door - 4 Fun Assorted Colors - Dinner Ware Pack - Mix And Match By Unity (17oz Tumbler),102.00,117.00,153.67,9.00,73.98,79.69,,,96,93,,
1/9/18,"Handi-Craft Classic Value Plastic Toilet Seat - 16.5"" Standard Round - Easy Installation & Cleaning, by Unity (White)",46.00,59.00,164.89,9.00,83.88,81.01,,,93,95,,
1/29/18,Battery Powered LED Camp Lantern - 3 Pack - Ultra Portable - 16 LEDs - Rugged Design By Unity (Blue/Green/Black),70.00,86.00,189.67,9.00,94.05,95.62,,,95,98,,
1/19/18,"Classic Value Luxury Bathroom Rug Bath Mat, 100% Microfiber, Non-Slip Latex Backing - Machine Washable - 20"" x 32"" - Extremely Soft - Trellis Pattern - by Unity (Grey)",52.00,60.00,139.70,7.00,71.75,67.95,,,97,96,,
2/15/18,"Unity 15"" Non-Slip Foldable Step Stool with Carrying Handle - Supports Up to 300LBS - Easy Open - Perfect for Kitchen, Bathroom, Bedroom & More - by Unity (White Grey/White Dots)",20.00,29.00,125.93,7.00,94.85,31.08,,,98,94,,
2/23/18,"Unity Signature Foldable Double Storage Ottoman, 30""x15""x15"" - Strong & Sturdy - Space Saving - Premium Faux Leather (Brown)",143.00,186.00,244.79,7.00,47.39,197.40,,,99,98,,
3/7/18,"Unity Signature Foldable Storage Ottoman, 15 Inch - Strong & Sturdy - Space Saving - Premium Faux Leather (Brown)",67.00,84.00,139.79,7.00,39.69,100.10,,,95,97,,
3/16/18,"Unity Signature Foldable Double Storage Ottoman, 30""x15""x15"" - Strong & Sturdy - Space Saving - Premium Faux Leather (Black)",136.00,176.00,279.76,7.00,52.08,227.68,,,100,91,,
1/4/18,"Handi-Liner Commercial Bulk Trash Can Liners Virgin Materials - 20-30 Gallon (20 Rolls, 500 Liners, 1 Case)",18.00,21.00,152.82,6.00,85.80,67.02,,,98,91,,
1/9/18, 8 Piece Kitchen Gadgets - Stainless Steel - Colorful Handles - BPA Free,105.00,125.00,159.90,6.00,51.00,108.90,,,98,92,,
1/14/18, 3-Pack Children's Break-Resistant Water Bottles - 100% Tritan - BPA-Free - 3 Great Sizes Fun Colors - Hide Away Straw - Kid Tested & Approved - by Unity,210.00,252.00,89.82,6.00,33.30,56.52,,,91,92,,
1/14/18," Outdoor Extension Cord UL-Listed - 50FT - 2 PACK - Heavy Duty & Durable, General Purpose, 16 Gauge, Orange Cord, by Unity",43.00,61.00,167.94,6.00,49.32,118.62,,,95,97,,
1/25/18,"Unity Chair Pads - Cotton Canvas - Value 4 Pack - Fits 15"" Chair - Moroccan Trellis Pattern - Classic Design (Blue)",118.00,159.00,359.91,6.00,81.18,278.73,,,97,94,,
1/26/18, 12 Piece Melamine Dinnerware Set - Service For 4 - Multi-Color Square - Break Resistant - Indoor Outdoor by Unity,51.00,64.00,164.73,6.00,35.16,129.57,,,94,100,,
3/22/18,"Handi-Craft Classic Value Wood Toilet Seat - Sculptured Net Pattern - 16.5"" Standard Round - Easy Installation & Cleaning, by Unity",112.00,137.00,137.82,6.00,42.66,95.16,,,90,91,,
3/26/18," Premium Hanger Set, 10 Pack, Rainbow ""Rubber Feel"" Vinyl-Dipped Chrome, Non-Slip - Full Size & Closet Ready - by Unity",30.00,39.00,99.90,6.00,58.56,41.34,,,96,96,,
3/26/18,"Handi-Liner Commercial Bulk Trash Can Liners Virgin Materials - 33 Gallon (20 Rolls, 500 Liners, 1 Case)",25.00,32.00,245.82,6.00,35.16,210.66,,,93,94,,
3/29/18,"Unity Signature Foldable Double Storage Ottoman, 30""x15""x15"" - Strong & Sturdy - Space Saving - Premium Faux Leather (Red)",116.00,150.00,244.79,6.00,32.58,212.21,,,94,91,,
3/30/18,"Unity Signature Foldable Double Storage Ottoman, 30""x15""x15"" - Strong & Sturdy - Space Saving - Premium Faux Leather (Beige)",174.00,212.00,237.79,6.00,20.64,217.15,,,93,92,,
1/5/18,"Premium Heavy Duty Velvet Hangers - 100 Pack Bulk - Black - Non-Slip, Ultra Thin, 10lbs Capacity - Great for Suits, Pants, & Dresses - by Unity",17.00,23.00,239.82,5.00,46.60,193.22,,,97,94,,
1/12/18,"Premium Heavy Duty Velvet Hangers - 100 Pack Bulk - Taupe - Non-Slip, Ultra Thin, 10lbs Capacity - Great for Suits, Pants, & Dresses - by Unity",91.00,125.00,239.82,5.00,39.80,200.02,,,98,90,,
2/2/18,"Unity Chair Pads - Cotton Canvas - Value 4 Pack - Fits 15"" Chair - Diamond Pattern - Classic Design (Ecru)",179.00,237.00,199.85,5.00,82.75,117.10,,,90,92,,
2/10/18," 6-Pack Classic Wide Rim Signature Melamine Blend Indoor/Outdoor Dinnerware - Canal Blue Wide Band Pattern - By Unity (9"" Deep Plate, Canal Blue)",86.00,109.00,54.85,5.00,37.20,17.65,,,95,90,,
3/20/18,Activsport High Performance Men's Athletic Socks - Low Cut - 12 Pairs - Cushioned Heel - Pure Comfort - Size 10-13 - Moisture Wicking & Breathable - By Unity (Black/Red),11.00,11.00,99.85,5.00,21.60,78.25,,,91,90,,
3/26/18,"Handi-Liner Commercial Bulk Trash Can Liners Virgin Materials - 10 Gallon (20 Rolls, 1000 Liners, 1 Case)",29.00,31.00,109.85,5.00,27.15,82.70,,,92,93,,
1/1/18," Every Day Basic+ Mirror Polish Stainless Steel Cutlery Value Pack (12, Dinner Spoon)",116.00,146.00,47.88,4.00,13.76,34.12,,,94,96,,
1/16/18,"ActivSport 18"" Backpack - Padded Laptop Sleeve - Bottle Holders - Upgraded Zippers - Jumbo Size - Classic Design - by Unity (Black)",28.00,89.00,39.88,4.00,37.28,2.60,,,98,93,,
1/17/18," 6-Pack Classic Wide Rim Signature Melamine Blend Indoor/Outdoor Dinnerware - Canal Blue Wide Band Pattern - By Unity (7.5"" Bowl, Canal Blue)",128.00,161.00,43.88,4.00,41.00,2.88,,,93,97,,
1/25/18," 3CR14 Grade Stainless Steel Knife Set - 6PCS Including Free Acrylic Stand - High Chromium Steel for Added Strength, Durability & Sharpness - Great for Home & Commercial Kitchens - by Unity",173.00,213.00,124.85,4.00,39.96,84.89,,,91,97,,
1/30/18,Activsport High Performance Men's Athletic Socks - Crew Cut - 12 Pairs - Cushioned Heel - Pure Comfort - Size 10-13 - Moisture Wicking & Breathable - By Unity (White/Blue),22.00,25.00,79.88,4.00,37.28,42.60,,,96,92,,
3/6/18," Every Day Basic+ Mirror Polish Stainless Steel Cutlery Value Pack (12, Dinner Fork)",69.00,81.00,83.79,4.00,61.32,22.47,,,95,92,,
3/12/18,"Unity Chair Pads - Cotton Canvas - Value 4 Pack - Fits 15"" Chair - Southwest Diamond Pattern - Classic Design (Sea Blue)",39.00,51.00,159.96,4.00,31.84,128.12,,,94,99,,
3/24/18," Premium Non-Slip 100% Microfiber Classic Value Machine Washable Bathroom Rug Bath Mat Tile 20"" x 32"" by Unity (Black)",27.00,29.00,55.88,4.00,28.84,27.04,,,92,92,,
1/23/18," 3CR14 Grade Stainless Steel Knife Set - 12PCS Including Free Acrylic Stand - High Chromium Steel for Added Strength, Durability & Sharpness - Great for Home & Commercial Kitchens - by Unity",236.00,261.00,86.91,3.00,23.88,63.03,,,90,94,,
1/23/18,"Unity Chair Pads - Cotton Canvas - Value 4 Pack - Fits 15"" Chair - Feather Pattern - Classic Design (Blue)",49.00,63.00,159.88,3.00,24.66,135.22,,,95,91,,
1/31/18,"ActivSport 18"" Backpack - Padded Laptop Sleeve - Bottle Holders - Upgraded Zippers - Jumbo Size - Classic Design - by Unity (Burgundy)",25.00,26.00,29.91,3.00,22.32,7.59,,,99,90,,
2/3/18,"Unity Double Garment Rack - Telescopic Side Extensions - (31"" - 57"") x 17"" x (35"" - 63"") - Sturdy Wheeled Base - Highly Portable - Tons Of Storage - Heavy Duty",29.00,31.00,95.91,3.00,24.66,71.25,,,92,91,,
2/9/18,"Unity Chair Pads - Cotton Canvas - Value 4 Pack - Fits 15"" Chair - Feather Pattern - Classic Design (Gray)",86.00,108.00,199.85,3.00,11.70,188.15,,,93,98,,
2/11/18," Every Day Basic+ Mirror Polish Stainless Steel Cutlery Bulk Pack (60, Dinner Fork)",59.00,80.00,239.94,3.00,30.75,209.19,,,99,97,,
2/13/18,"Unity 9"" Non-Slip Foldable Step Stool with Carrying Handle & Back Support - Supports Up To 300LBS - Easy Open - Sit or Stand! - by Unity (Black/White Dots)",6.00,10.00,44.91,3.00,10.32,34.59,,,95,98,,
2/13/18,"Handi-Liner Commercial Bulk Trash Can Liners Virgin Materials - 56 Gallon (8 Rolls, 200 Liners, 1 Case)",34.00,35.00,94.41,3.00,17.01,77.40,,,92,91,,
2/21/18,"Unity Single Garment Rack - Telescopic Side Extensions - (31"" - 42"") x 17"" x (35"" - 65"") - Sturdy Wheeled Base - Highly Portable - Tons Of Storage - Heavy Duty",26.00,29.00,68.91,3.00,30.75,38.16,,,93,93,,
3/1/18,"Unity Signature Foldable Storage Ottoman, 15 Inch - Strong & Sturdy - Space Saving - Premium Faux Leather (Beige)",44.00,49.00,79.88,3.00,39.99,39.89,,,97,90,,
3/9/18,"Unity Chair Pads - Cotton Canvas - Value 4 Pack - Fits 15"" Chair - Southwest Diamond Pattern - Classic Design (Gray)",87.00,123.00,119.97,3.00,25.50,94.47,,,91,99,,
3/13/18," 8 Pack Classic Wide Rim Fun Color Melamine Break-Resistant Indoor Outdoor Dinnerware Wide Band Pattern By Unity (10.5"" Dinner Plates, Mixed)",55.00,72.00,47.97,3.00,29.97,18.00,,,100,91,,
3/19/18,"Unity Laundry Sorter Double Garment Rack - 3 Hampers - 42"" x 17"" x 65"" - Sturdy Wheeled Base - Highly Portable - Tons Of Storage - Great Addition for Your Home!",45.00,56.00,128.91,3.00,29.28,99.63,,,94,90,,
3/22/18," Every Day Basic+ Mirror Polish Stainless Steel Cutlery Bulk Pack (60, Dinner Spoon)",33.00,45.00,119.97,3.00,17.58,102.39,,,95,95,,
1/6/18, Jewelry Cleaner 5oz Value Pack with Basket and Brush Single Pack,11.00,27.00,11.94,2.00,4.00,7.94,,,100,95,,
1/8/18, Scrubber Brush - Value Packed - Bathroom & Kitchen Scrubber with Handle - Tough on Grime - Great for the BBQ - by  (4),17.00,23.00,29.98,2.00,14.86,15.12,,,94,100,,
1/10/18,"Lip Balm, Delicious Strawberry Flavor, Aloe Vera & Vitamin E Infused, Hydrates & Soothes, by Unity (2)",35.00,45.00,11.38,2.00,4.00,7.38,,,94,100,,
1/14/18, Scrubber Brush - Value Packed - Bathroom & Kitchen Scrubber with Handle - Tough on Grime - Great for the BBQ - by  (2),13.00,19.00,17.98,2.00,11.10,6.88,,,100,96,,
2/6/18," Classic Value Bath Towel Set - 6 PCS - 25"" x 50"" - Cotton/Poly Blend For Maximum Performance - All Purpose - Lightweight - Quick Dry - by Unity (Roman)",15.00,21.00,59.94,2.00,11.10,48.84,,,99,95,,
2/10/18," Premium Non-Slip 100% Microfiber Classic Value Machine Washable Bathroom Rug Bath Mat Tile 20"" x 32"" by Unity (Purple)",22.00,25.00,69.85,2.00,19.52,50.33,,,99,98,,
2/13/18," Every Day Basic+ Mirror Polish Stainless Steel Cutlery Value Pack (12, Soup Spoon)",29.00,35.00,19.94,2.00,11.72,8.22,,,100,100,,
2/13/18," Ultra Premium Ironing Board - Premium Felt Underlay - Solid Monoblock Surface Board - 100% Cotton Cover - Easy Fold Lever - Sturdy And Dependable - XL 49.5"" x 17"" by Unity",98.00,111.00,179.98,2.00,10.86,169.12,,,95,97,,
2/25/18,Activsport High Performance Men's Athletic Socks - Low Cut - 12 Pairs - Cushioned Heel - Pure Comfort - Size 10-13 - Moisture Wicking & Breathable - By Unity (Gray/Lime),56.00,57.00,39.94,2.00,14.22,25.72,,,100,93,,
2/27/18,"Unity Chair Pads - Cotton Canvas - Value 4 Pack - Fits 15"" Chair - Southwest Diamond Pattern - Classic Design (Black)",32.00,42.00,79.98,2.00,20.50,59.48,,,93,96,,
3/4/18,"Premium Heavy Duty Velvet Hangers - 100 Pack Bulk - Pink - Non-Slip, Ultra Thin, 10lbs Capacity - Great for Suits, Pants, & Dresses - by Unity",7.00,15.00,79.94,2.00,18.64,61.30,,,90,94,,
3/10/18,"Unity Chair Pads - Cotton Canvas - Value 4 Pack - Fits 15"" Chair - Moroccan Trellis Pattern - Classic Design (Black)",47.00,61.00,79.98,2.00,16.44,63.54,,,92,92,,
3/13/18,"Unity Chair Pads - Cotton Canvas - Value 4 Pack - Fits 15"" Chair - Southwest Diamond Pattern - Classic Design (Ecru)",36.00,64.00,79.98,2.00,15.92,64.06,,,91,97,,
3/18/18,Activsport High Performance Men's Athletic Socks - Crew Cut - 12 Pairs - Cushioned Heel - Pure Comfort - Size 10-13 - Moisture Wicking & Breathable - By Unity (Gray/Lime),23.00,24.00,39.94,2.00,27.10,12.84,,,90,97,,
3/18/18,"Unity Chair Pads - Cotton Canvas - Value 4 Pack - Fits 15"" Chair - Diamond Pattern - Classic Design (Black)",100.00,119.00,79.94,2.00,13.54,66.40,,,93,97,,
3/27/18,"Handi-Liner Commercial Bulk Trash Can Liners Virgin Materials - 40-45 Gallon (10 Rolls, 250 Liners, 1 Case)",16.00,17.00,63.94,2.00,30.66,33.28,,,91,100,,
1/7/18,LED Battery Operated Puck Light - 3 Pack - 6 LEDs - Stick Anywhere - Ultra Bright By Unity,3.00,3.00,9.97,1.00,6.00,3.97,,,96,93,,
1/12/18, Scrubber Brush - Value Packed - Bathroom & Kitchen Scrubber with Handle - Tough on Grime - Great for the BBQ - by  (6),13.00,17.00,19.99,1.00,10.00,9.99,,,99,98,,
1/15/18,"Classic Value Bathroom Rug Bath Mat, 100% Microfiber, Non-Slip Latex Backing - Machine Washable - 20"" x 32"" - Extremely Soft - Trellis Pattern - by Unity (Purple)",7.00,9.00,13.97,1.00,13.33,0.64,,,91,92,,
1/18/18, Clean Between Dental Floss XL 400yd - 4 Pack - 4 x 100yds Count - Pharmacy Quality - By Unity,23.00,26.00,9.47,1.00,8.50,0.97,,,91,93,,
1/20/18,"Premium Heavy Duty Velvet Hangers - 100 Pack Bulk - Navy - Non-Slip, Ultra Thin, 10lbs Capacity - Great for Suits, Pants, & Dresses - by Unity",4.00,7.00,39.97,1.00,38.56,1.41,,,95,91,,
2/1/18," Every Day Basic+ Mirror Polish Stainless Steel Cutlery Value Pack (12, Dessert Fork)",11.00,15.00,9.97,1.00,7.44,2.53,,,99,100,,
2/6/18,"ActivSport 18"" Backpack - Padded Laptop Sleeve - Bottle Holders - Upgraded Zippers - Jumbo Size - Classic Design - by Unity (Hunter Green)",23.00,31.00,9.97,1.00,6.77,3.20,,,100,98,,
2/10/18,"Unity Signature Foldable Storage Ottoman, 15 Inch - Strong & Sturdy - Space Saving - Polyester Linen (Denim Gray)",11.00,20.00,75.88,1.00,6.77,69.11,,,92,96,,
2/12/18," Every Day Basic+ Mirror Polish Stainless Steel Cutlery Bulk Pack (60, Teaspoon)",19.00,26.00,79.98,1.00,9.99,69.99,,,90,92,,
2/14/18," 8 Pack Classic Wide Rim Fun Color Melamine Break-Resistant Indoor Outdoor Dinnerware Wide Band Pattern By Unity (19oz Tumbler, Mixed)",36.00,45.00,13.99,1.00,9.76,4.23,,,100,90,,
2/14/18," Every Day Basic+ Mirror Polish Stainless Steel Cutlery Bulk Pack (30, Dinner Knife)",25.00,30.00,159.96,1.00,9.76,150.20,,,97,90,,
2/22/18," Dish Drainer Rack - Two Tier - Chrome Plated Steel - Modern Design - Removable Accessories Included: Cutlery Basket, Cup Drainer, & Drip Tray - by Unity",12.00,16.00,19.97,1.00,7.21,12.76,,,92,90,,
2/28/18,"Unity Chair Pads - Cotton Canvas - Value 4 Pack - Fits 15"" Chair - Southwest Diamond Pattern - Classic Design (Green)",34.00,43.00,39.99,1.00,10.25,29.74,,,92,99,,
3/5/18," Double Wardrobe - Storage And Organization - 42"" x 18"" x 65"" - Closet Space Maximizer - Solid Metal Construction - Roll-Up Zipper Door - Canvas - Easy Assembly - By Unity (Navy)",17.00,19.00,34.97,1.00,4.32,30.65,,,98,97,,
3/6/18,"Unity Chair Pads - Cotton Canvas - Value 4 Pack - Fits 15"" Chair - Southwest Diamond Pattern - Classic Design (Gold)",23.00,25.00,39.99,1.00,9.32,30.67,,,90,100,,
3/9/18," Premium Kitchen Tools Set - Silicon Construction - Stainless Steel Handles - Durable And BPA Free (8 Piece, Red)",36.00,39.00,19.99,1.00,5.55,14.44,,,93,92,,
3/11/18,"Unity Chair Pads - Cotton Canvas - Value 4 Pack - Fits 15"" Chair - Southwest Diamond Pattern - Classic Design (Burgundy)",38.00,49.00,39.99,1.00,8.22,31.77,,,94,90,,
3/14/18,"Unity Chair Pads - Cotton Canvas - Value 4 Pack - Fits 15"" Chair - Moroccan Trellis Pattern - Classic Design (Gold)",31.00,46.00,39.99,1.00,7.96,32.03,,,99,99,,
3/15/18," Every Day Basic+ Mirror Polish Stainless Steel Cutlery Value Pack (12, Teaspoon (5.3"" - 13.5cm)",21.00,26.00,9.97,1.00,3.90,6.07,,,94,98,,
3/21/18,"ActivSport 18"" Backpack - Padded Laptop Sleeve - Bottle Holders - Upgraded Zippers - Jumbo Size - Classic Design - by Unity (Gray)",41.00,46.00,9.97,1.00,3.44,6.53,,,94,93,,
3/22/18,Activsport Performance Women's Athletic Socks - Low Cut - 12 Pairs - Multicolor - Plain Heel - Pure Comfort - Moisture Wicking & Breathable - Size 9-11 - Comfort & Performance - By Unity,4.00,4.00,11.97,1.00,5.43,6.54,,,94,95,,
3/23/18,2 Pack 3.4oz Color Changing LED Reed Diffuser Set - Lavender & Neroli - Vanilla & Coconut - Natural Fragrance by Unity,38.00,49.00,39.88,1.00,5.55,34.33,,,98,92,,